{
    "AdditionalPersonInfo": {
      "InfoGroup": {
        "IncidentAccidentTracking": [],
        "Appointment": [],
        "IndiaNominationInformation": [],
        "SentimentAnalysis": [],
        "Tenure": [],
        "DisciplinaryDetails": [],
        "Assistant": [],
        "StudentWS": [],
        "UKHESAInformation": [],
        "CountryOfTaxResidence": [],
        "PerformanceImprovementPlan": [],
        "AssignedProperty": [],
        "IndiaMiscellaneousInformation": [],
        "GermanApprenticeInformation": []
      }
    }
  }
  