,Mapped Reference Column,Cosine Similarity
EMPLOYEE_NUMBER,Employee number,0.9203985653992977
FIRST_NAME,First name,0.9009695887112034
MIDDLE_NAME,SecondaryTreeUnitName,0.8607243297228026
LAST_NAME,Last name,0.8738741444632714
PERSON_GENDER,Gender,0.9102683441858915
HIRE_DATE,Start date,0.8868474965127833
JOB_NAME,Job grade,0.8790051028520569
DEPARTMENT_NAME,Function,0.8497558428662428
LOCATION_NAME,SecondaryTreeUnitName,0.8519192830475271
WORK_EMAIL,Email,0.8766227140870348
NATIONAL_IDENTIFIER_NUMBER,Tax number,0.8814383566063116
PERSONAL_EMAIL,Email,0.8715354038089195
PHONE_NUMBER,Phone number,0.9234975554290612
DATE_OF_BIRTH,Date of birth,0.9440402725684913
MARITAL_STATUS,Status,0.8412543490356511
ADDRESS_LINE_1,Phone number,0.8469888795990325
ADDRESS_LINE_2,Phone number,0.8544289129081958
ADDRESS_LINE_3,Phone number,0.864967151097735
ADDRESS_LINE_4,Phone number,0.8629189117137438
CITY,Country,0.8444688515601381
COUNTRY,Country,0.9012543432375856
POSTAL_CODE,Phone number,0.861135396901594
CONTACT_TYPE,Phone number,0.8624920894861264
CONTACT_FIRST_NAME,Phone number,0.8582813213651187
CONTACT_LAST_NAME,Phone number,0.8454547640300704
CONTACT_PHONE_NUMBER,Phone number,0.9157874356354072
EFFECTIVE_START_DATE,Start date,0.9049871394134882
EFFECTIVE_END_DATE,End date,0.9105867044858743
CREATION_DATE,Start date,0.8465007046249275
LAST_UPDATE_DATE,End date,0.860006550939656
NI_CATEGORY,SecondaryTreeUnitName,0.856598550341221
CLIENT_ID,Employee ID,0.850163073749042
TITLE,Business title,0.8686326702777448
ACTUAL_TERMINATION_DATE,End date,0.8760941504387355
PAY_ID,Employee ID,0.8778871838786496
PAY_FREQUENCY,Frequency,0.8961227207291204
STUDENT_LOAN_PLAN,Tax number,0.8509318177152497
POST_GRAD_LOAN,Job grade,0.8499966335984885
IS_VETERAN,SecondaryTreeUnitName,0.8443992074977771
STARTER_DECLARATION,SecondaryTreeUnitName,0.8365089361360343
OFF_PAYROLL_WORKER,Working hours type,0.8637106631064043
PENSION_ELIGIBILITY,SalaryReason,0.8400333594727794
PENSION_STATUS,Status,0.8516002071932993
EMPLOYEE_NUMBER.1,Employee number,0.9102902955348573
FIRST_NAME.1,First name,0.8972470229468475
MIDDLE_NAME.1,SecondaryTreeUnitName,0.8674991664248649
LAST_NAME.1,Last name,0.8716980117128904
PERSON_GENDER.1,Gender,0.9004163910908766
HIRE_DATE.1,Start date,0.8847923352137805
JOB_NAME.1,Job grade,0.876764182223682
DEPARTMENT_NAME.1,Function,0.8491034363187238
LOCATION_NAME.1,SecondaryTreeUnitName,0.8584500664843473
WORK_EMAIL.1,Email,0.8701977841288752
NATIONAL_IDENTIFIER_NUMBER.1,Tax number,0.8732397389599111
PERSONAL_EMAIL.1,Email,0.868180788924116
PHONE_NUMBER.1,Phone number,0.9130596386443356
DATE_OF_BIRTH.1,Date of birth,0.9316377594173104
MARITAL_STATUS.1,Status,0.8388016418844584
ADDRESS_LINE_1.1,Phone number,0.844250962913801
ADDRESS_LINE_2.1,Phone number,0.8496424459750321
